{
  "manifest": {
    "apis": {
      "custom": {
        "endpoint": {
          "uri": "arn:aws:lambda:eu-west-1:386503718546:function:016b6a93-d85a-4250-b4cd-c8cbe036e0c7:Release_0"
        },
        "interfaces": [],
        "locales": {},
        "regions": {
          "NA": {
            "endpoint": {
              "uri": "arn:aws:lambda:us-east-1:386503718546:function:016b6a93-d85a-4250-b4cd-c8cbe036e0c7:Release_0"
            }
          },
          "EU": {
            "endpoint": {
              "uri": "arn:aws:lambda:eu-west-1:386503718546:function:016b6a93-d85a-4250-b4cd-c8cbe036e0c7:Release_0"
            }
          },
          "FE": {
            "endpoint": {
              "uri": "arn:aws:lambda:us-west-2:386503718546:function:016b6a93-d85a-4250-b4cd-c8cbe036e0c7:Release_0"
            }
          }
        }
      }
    },
    "manifestVersion": "1.0",
    "publishingInformation": {
      "distributionCountries": [],
      "isAvailableWorldwide": true,
      "locales": {
        "en-GB": {
          "name": "remoteControl"
        }
      },
      "testingInstructions": "Sample Testing Instructions."
    }
  }
}