{
  "interactionModel": {
    "dialog": {
      "intents": [
        {
          "slots": [
            {
              "name": "button",
              "elicitationRequired": true,
              "type": "AMAZON.SearchQuery",
              "confirmationRequired": false,
              "prompts": {
                "elicitation": "Elicit.Slot.406671702718.921764050280"
              }
            }
          ],
          "name": "transmitIntent",
          "confirmationRequired": false,
          "prompts": {}
        }
      ],
      "delegationStrategy": "ALWAYS"
    },
    "languageModel": {
      "intents": [
        {
          "name": "AMAZON.CancelIntent",
          "samples": []
        },
        {
          "name": "AMAZON.HelpIntent",
          "samples": []
        },
        {
          "name": "AMAZON.StopIntent",
          "samples": []
        },
        {
          "name": "AMAZON.NavigateHomeIntent",
          "samples": []
        },
        {
          "name": "AMAZON.FallbackIntent",
          "samples": []
        },
        {
          "slots": [
            {
              "name": "button",
              "type": "AMAZON.SearchQuery"
            }
          ],
          "name": "transmitIntent",
          "samples": [
            "transmit {button}",
            "push {button}"
          ]
        }
      ],
      "types": [],
      "invocationName": "remote control"
    },
    "prompts": [
      {
        "variations": [
          {
            "type": "PlainText",
            "value": "Which button?"
          }
        ],
        "id": "Elicit.Slot.406671702718.921764050280"
      }
    ]
  }
}